scheme,curve,log_ell,ell,R,lambda,beta,m,code_len,srs_load_ms,encode_ms,commit_ms,encrypt_ms,sample_ms,subset_ms,sample_crypto_ms,kzg_proof_ms,prove_total_ms,verify_ms,measured_payload,extrapolated,verified,spread_pct
ours,bw6-761,10,1024,609,128,1.499760,1536,2048,8425.358,1.179,11.082,2.760,0.020,147.301,0.000,29.773,192.115,19.652,1536,false,true,3.14
ours,bw6-761,10,1024,386,128,2.000038,2049,4096,8425.358,1.148,11.059,3.542,0.013,69.575,0.000,30.486,115.824,17.841,2049,false,true,2.24
ours,bw6-761,11,2048,1053,128,1.250031,2561,4096,8425.358,1.299,18.798,4.411,0.034,368.696,0.000,52.755,445.993,23.362,2561,false,true,2.20
ours,bw6-761,11,2048,609,128,1.499760,3072,4096,8425.358,1.322,19.046,5.261,0.017,147.298,0.000,46.527,219.470,19.773,3072,false,true,1.28
ours,bw6-761,11,2048,386,128,2.000038,4097,8192,8425.358,1.454,18.779,7.027,0.014,70.401,0.000,44.146,141.819,17.918,4097,false,true,3.19
ours,bw6-761,12,4096,2384,128,1.100022,4506,8192,8425.358,1.842,34.912,7.633,0.096,1624.151,0.000,136.620,1805.254,34.728,4506,false,true,0.48
ours,bw6-761,12,4096,1053,128,1.250031,5121,8192,8425.358,1.734,35.013,8.688,0.033,367.859,0.000,81.593,494.920,23.374,5121,false,true,1.91
ours,bw6-761,12,4096,609,128,1.499760,6144,8192,8425.358,1.833,34.830,10.495,0.017,146.749,0.000,70.022,263.946,19.693,6144,false,true,2.00
ours,bw6-761,12,4096,386,128,2.000038,8193,16384,8425.358,2.042,35.381,16.619,0.013,69.123,0.000,65.896,189.073,17.763,8193,false,true,6.95
ours,bw6-761,13,8192,2384,128,1.100022,9012,16384,8425.358,2.581,62.356,15.223,0.080,1624.576,0.000,189.292,1894.109,34.886,9012,false,true,0.62
ours,bw6-761,13,8192,1053,128,1.250031,10241,16384,8425.358,2.445,61.311,17.373,0.031,370.353,0.000,117.959,569.473,23.314,10241,false,true,1.17
ours,bw6-761,13,8192,609,128,1.499760,12287,16384,8425.358,2.556,62.953,20.736,0.016,147.775,0.000,107.054,341.090,19.742,12287,false,true,3.24
ours,bw6-761,13,8192,386,128,2.000038,16385,32768,8425.358,3.062,62.714,27.602,0.013,68.089,0.000,107.913,269.393,18.041,16385,false,true,35.36
ours,bw6-761,14,16384,2384,128,1.100022,18023,32768,8425.358,5.053,120.861,36.216,0.075,1659.903,0.000,259.471,2081.579,34.715,18023,false,true,3.37
ours,bw6-761,14,16384,1053,128,1.250031,20481,32768,8425.358,3.952,117.066,34.625,0.033,368.324,0.000,192.703,716.702,23.339,20481,false,true,1.27
ours,bw6-761,14,16384,609,128,1.499760,24573,32768,8425.358,3.810,115.908,41.381,0.016,147.323,0.000,170.703,479.140,19.607,24573,false,true,2.64
ours,bw6-761,14,16384,386,128,2.000038,32769,65536,8425.358,5.755,118.257,55.211,0.013,70.595,0.000,163.085,412.917,17.854,32769,false,true,3.02
ours,bw6-761,15,32768,2384,128,1.100022,36046,65536,8425.358,6.773,199.335,61.747,0.073,1641.238,0.000,371.504,2280.670,34.762,36046,false,true,1.51
ours,bw6-761,15,32768,1053,128,1.250031,40962,65536,8425.358,7.593,201.670,69.631,0.031,395.785,0.000,338.413,1013.123,23.582,40962,false,true,4.93
ours,bw6-761,15,32768,609,128,1.499760,49145,65536,8425.358,8.275,208.958,87.927,0.020,147.991,0.000,277.260,730.431,19.631,49145,false,true,3.51
ours,bw6-761,15,32768,386,128,2.000038,65538,131072,8425.358,10.420,201.385,111.372,0.013,70.464,0.000,277.297,670.951,18.987,65538,false,true,7.45
ours,bw6-761,16,65536,2384,128,1.100022,72092,131072,8425.358,14.296,379.060,122.292,0.071,1690.913,0.000,629.913,2836.545,34.741,72092,false,true,4.33
ours,bw6-761,16,65536,1053,128,1.250031,81923,131072,8425.358,14.459,400.345,140.629,0.029,397.207,0.000,595.981,1548.649,23.395,81923,false,true,4.83
ours,bw6-761,16,65536,609,128,1.499760,98289,131072,8425.358,14.061,378.718,168.222,0.015,151.987,0.000,510.300,1223.303,19.644,98289,false,true,2.94
ours,bw6-761,16,65536,386,128,2.000038,131075,262144,8425.358,20.507,386.071,222.463,0.013,69.716,0.000,473.544,1172.314,17.777,131075,false,true,4.83
ours,bw6-761,17,131072,2384,128,1.100022,144183,262144,8425.358,28.064,732.349,248.879,0.071,1676.151,0.000,1061.100,3746.615,34.575,144183,false,true,1.86
ours,bw6-761,17,131072,1053,128,1.250031,163845,262144,8425.358,26.852,715.270,285.460,0.035,373.029,0.000,1109.582,2510.229,25.463,163845,false,true,3.23
ours,bw6-761,17,131072,609,128,1.499760,196577,262144,8425.358,29.541,714.960,338.572,0.019,147.530,0.000,921.919,2152.541,19.691,196577,false,true,3.88
ours,bw6-761,17,131072,386,128,2.000038,262149,524288,8425.358,42.689,728.790,450.893,0.012,69.996,0.000,862.484,2154.865,17.896,262149,false,true,3.06
ours,bw6-761,18,262144,2384,128,1.100022,288365,524288,8425.358,56.922,1377.102,489.601,0.070,1685.320,0.000,1979.025,5588.040,34.637,288365,false,true,0.72
ours,bw6-761,18,262144,1053,128,1.250031,327689,524288,8425.358,55.624,1396.907,575.951,0.030,393.768,0.000,2108.584,4530.865,25.254,327689,false,true,1.96
ours,bw6-761,18,262144,609,128,1.499760,393153,524288,8425.358,52.576,1429.229,692.078,0.020,156.298,0.000,1746.610,4076.812,19.674,393153,false,true,1.66
ours,bw6-761,18,262144,386,128,2.000038,524298,1048576,8425.358,87.571,1382.790,908.374,0.013,70.382,0.000,1635.798,4084.927,19.241,524298,false,true,1.90
ours,bw6-761,19,524288,2384,128,1.100022,576729,1048576,8425.358,118.312,2835.988,996.688,0.070,1689.272,0.000,3991.791,9632.121,37.410,576729,false,true,0.81
ours,bw6-761,19,524288,1053,128,1.250031,655377,1048576,8425.358,118.586,2820.727,1124.448,0.029,378.400,0.000,4357.009,8799.199,25.904,655377,false,true,0.48
ours,bw6-761,19,524288,609,128,1.499760,786306,1048576,8425.358,107.897,2951.702,1393.650,0.016,155.597,0.000,3824.222,8433.084,21.115,786306,false,true,0.50
ours,bw6-761,19,524288,386,128,2.000038,1048596,2097152,8425.358,196.146,2967.236,1879.387,0.013,70.411,0.000,3318.449,8431.642,17.768,1048596,false,true,1.04
ours,bw6-761,20,1048576,2384,128,1.100022,1153458,2097152,8425.358,254.969,5525.147,2015.227,0.069,1675.275,0.000,7456.984,16927.671,34.681,1153458,false,true,0.51
ours,bw6-761,20,1048576,1053,128,1.250031,1310753,2097152,8425.358,245.973,5652.360,2310.806,0.028,399.874,0.000,8663.568,17272.610,25.439,1310753,false,true,0.41
ours,bw6-761,20,1048576,609,128,1.499760,1572612,2097152,8425.358,255.078,5464.543,2743.843,0.016,153.552,0.000,7225.704,15842.735,19.807,1572612,false,true,0.12
ours,bw6-761,20,1048576,386,128,2.000038,2097192,4194304,8425.358,377.552,5446.430,3614.001,0.013,68.559,0.000,6384.314,15890.870,17.754,2097192,false,true,0.14
